time,wx,wy,wz
0.0008921623229980469,-0.08,0.01,0.03
0.009931087493896484,-0.01,-0.03,0.01
0.019340991973876953,0.06,-0.09,-0.0
0.03219318389892578,0.11,-0.11,0.0
0.039449214935302734,0.13,-0.13,0.0
0.04956507682800293,0.12,-0.12,0.0
0.06043410301208496,0.09,-0.1,-0.0
0.06932926177978516,0.04,-0.07,-0.01
0.07902193069458008,-0.01,-0.05,-0.0
0.08916997909545898,-0.05,-0.02,-0.0
0.09932518005371094,-0.07,-0.01,-0.01
0.10913705825805664,-0.07,-0.0,-0.01
0.11887693405151367,-0.06,0.01,-0.01
0.12876415252685547,-0.04,0.01,-0.01
0.1389000415802002,-0.02,-0.0,-0.0
0.14873218536376953,-0.0,-0.01,0.0
0.15889501571655273,0.01,-0.02,-0.0
0.1685011386871338,0.02,-0.02,-0.01
0.17833614349365234,0.02,-0.02,-0.02
0.18823003768920898,0.02,-0.01,-0.02
0.19838619232177734,0.03,0.0,-0.03
0.2081151008605957,0.03,0.01,-0.03
0.21772193908691406,0.03,0.01,-0.03
0.2281169891357422,0.04,0.02,-0.04
0.2376871109008789,0.07,0.02,-0.04
0.24765706062316895,0.09,0.01,-0.04
0.2577810287475586,0.1,-0.01,-0.04
0.2676360607147217,0.13,-0.03,-0.05
0.27768993377685547,0.14,-0.04,-0.06
0.28726720809936523,0.14,-0.05,-0.06
0.2972240447998047,0.15,-0.04,-0.07
0.30710601806640625,0.15,-0.03,-0.07
0.3171420097351074,0.15,-0.01,-0.08
0.32711124420166016,0.12,0.01,-0.08
0.3367500305175781,0.08,0.03,-0.08
0.3468501567840576,0.04,0.02,-0.08
0.35688114166259766,0.0,0.01,-0.07
0.3669929504394531,-0.02,0.02,-0.06
0.37845611572265625,-0.03,0.03,-0.06
0.38648104667663574,-0.04,0.03,-0.06
0.3964061737060547,-0.03,0.03,-0.06
0.4063272476196289,-0.02,0.05,-0.05
0.4165191650390625,-0.02,0.1,-0.04
0.42660093307495117,-0.05,0.15,-0.03
0.43657827377319336,-0.09,0.19,-0.02
0.4464740753173828,-0.14,0.21,-0.03
0.45635104179382324,-0.17,0.21,-0.04
0.46590709686279297,-0.2,0.2,-0.03
0.4760291576385498,-0.2,0.21,-0.02
0.4857521057128906,-0.19,0.19,-0.02
0.49568796157836914,-0.18,0.14,-0.04
0.5056519508361816,-0.18,0.09,-0.05
0.515700101852417,-0.16,0.07,-0.06
0.5256171226501465,-0.12,0.07,-0.07
0.5353391170501709,-0.09,0.05,-0.08
0.5451450347900391,-0.06,0.04,-0.08
0.5552101135253906,-0.04,0.04,-0.1
0.5653972625732422,-0.02,0.04,-0.1
0.5781421661376953,-0.01,0.06,-0.11
0.5847129821777344,-0.01,0.08,-0.11
0.5949881076812744,-0.02,0.12,-0.11
0.6050119400024414,-0.03,0.13,-0.12
0.615070104598999,-0.05,0.11,-0.13
0.6249179840087891,-0.07,0.08,-0.15
0.6346392631530762,-0.07,0.06,-0.16
0.6445901393890381,-0.07,0.04,-0.16
0.6549229621887207,-0.06,0.01,-0.17
0.6652121543884277,-0.02,-0.04,-0.18
0.678253173828125,0.03,-0.07,-0.19
0.6840481758117676,0.09,-0.08,-0.18
0.6939840316772461,0.13,-0.11,-0.16
0.7040519714355469,0.14,-0.15,-0.14
0.7139430046081543,0.13,-0.19,-0.14
0.7240262031555176,0.12,-0.2,-0.14
0.7338781356811523,0.11,-0.2,-0.13
0.7434830665588379,0.11,-0.2,-0.1
0.7538752555847168,0.12,-0.18,-0.09
0.7642059326171875,0.15,-0.14,-0.09
0.7776799201965332,0.19,-0.09,-0.08
0.783440113067627,0.23,-0.02,-0.05
0.7935681343078613,0.23,0.08,0.08
0.8035340309143066,0.2,0.17,0.23
0.8131630420684814,0.24,0.2,0.34
0.8229570388793945,0.34,0.2,0.39
0.8329930305480957,0.47,0.16,0.39
0.8431892395019531,0.6,0.03,0.35
0.8528001308441162,0.74,0.2,0.4
0.8625590801239014,0.86,0.64,0.58
0.8783760070800781,0.79,0.81,0.8
0.8828821182250977,0.23,0.53,0.76
0.8923461437225342,-0.2,0.81,0.62
0.902595043182373,-0.43,1.25,0.35
0.9123821258544922,-0.4,1.7,0.13
0.9225530624389648,-0.23,2.07,0.05
0.9324321746826172,-0.03,2.0,0.38
0.9422321319580078,0.1,2.06,0.45
0.9522619247436523,0.2,2.12,0.36
0.9623751640319824,0.22,2.0,0.14
0.9717731475830078,0.2,1.59,-0.33
0.9816291332244873,0.2,1.1,-0.92
0.9919729232788086,0.28,0.71,-1.42
1.001899242401123,0.4,0.41,-1.77
1.0117440223693848,0.34,0.29,-1.93
1.0214381217956543,0.2,0.27,-1.93
1.0314691066741943,-0.0,0.22,-1.75
1.041546106338501,-0.22,-0.18,-1.39
1.0513529777526855,-0.33,-0.53,-0.92
1.061460018157959,-0.31,-0.59,-0.38
1.072782039642334,-0.23,-0.43,0.13
1.0812969207763672,-0.15,-0.41,0.47
1.0910780429840088,-0.11,-0.55,0.54
1.1008050441741943,-0.16,-0.54,0.55
1.1108722686767578,-0.28,-0.37,0.57
1.120631217956543,-0.49,-0.19,0.6
1.130540132522583,-0.74,-0.02,0.66
1.14036226272583,-0.98,0.08,0.75
1.1507081985473633,-1.17,0.08,0.88
1.161025047302246,-1.25,0.02,0.8
1.1705422401428223,-1.34,-0.17,0.53
1.1805131435394287,-1.53,-0.55,0.17
1.190371036529541,-1.81,-1.0,-0.14
1.200080156326294,-1.96,-0.97,-0.02
1.210078239440918,-2.04,-0.37,0.39
1.2197561264038086,-2.05,-0.02,0.68
1.2296321392059326,-2.04,0.05,0.74
1.2396512031555176,-2.07,-0.11,0.71
1.2495510578155518,-2.13,-0.31,0.63
1.2595040798187256,-2.29,-0.61,0.56
1.277867078781128,-2.47,-0.95,0.57
1.282292127609253,-2.47,-1.37,0.6
1.2892811298370361,-2.3,-1.62,0.7
1.2990601062774658,-1.96,-1.68,0.79
1.3116202354431152,-1.48,-1.41,0.84
1.3191289901733398,-0.78,-0.92,0.79
1.3289170265197754,-0.09,-0.33,0.65
1.3388280868530273,0.23,-0.11,0.57
1.3490581512451172,0.27,-0.18,0.45
1.3586959838867188,0.21,-0.41,0.28
1.3684940338134766,-0.18,-0.53,0.02
1.3784642219543457,-0.55,-1.0,-0.13
1.388580083847046,-0.6,-1.14,-0.3
1.3983900547027588,-0.51,-1.07,-0.39
1.408522129058838,-0.38,-1.07,-0.43
1.4184679985046387,-0.2,-1.04,-0.41
1.428415060043335,-0.0,-1.01,-0.38
1.4382882118225098,0.28,-0.93,-0.35
1.4480352401733398,0.65,-0.79,-0.28
1.4577560424804688,1.04,-0.64,-0.24
1.4676101207733154,1.4,-0.42,-0.25
1.4779529571533203,1.63,-0.15,-0.28
1.4875280857086182,1.75,0.09,-0.27
1.4975800514221191,1.83,0.26,-0.23
1.5076971054077148,1.9,0.37,-0.16
1.5176429748535156,2.02,0.59,-0.02
1.5274019241333008,2.09,0.93,0.11
1.536987066268921,2.11,1.35,0.18
1.5475282669067383,2.1,1.77,0.22
1.5570340156555176,2.06,2.11,0.19
1.5675311088562012,1.98,2.2,0.09
1.5769541263580322,1.87,2.1,-0.02
1.5866589546203613,1.82,2.11,-0.04
1.597170114517212,1.85,2.58,-0.04
1.6069350242614746,1.94,3.23,-0.05
1.6166529655456543,1.99,3.57,-0.03
1.6266021728515625,2.03,3.79,-0.02
1.6363639831542969,1.79,2.47,-0.23
1.6463332176208496,1.25,1.96,-0.61
1.6564421653747559,0.65,1.34,-0.76
1.6666922569274902,0.23,1.14,-0.77
1.6770501136779785,-0.11,1.24,-0.66
1.6859760284423828,-0.32,1.29,-0.55
1.6958680152893066,-0.4,1.3,-0.67
1.7058992385864258,-0.53,0.88,-0.93
1.7158222198486328,-0.45,1.25,-1.02
1.725776195526123,-0.36,1.39,-0.96
1.7357349395751953,-0.33,1.24,-0.76
1.7453820705413818,-0.37,1.0,-0.52
1.7554121017456055,-0.5,0.81,-0.32
1.7654731273651123,-0.71,0.6,-0.29
1.7761540412902832,-0.86,0.45,-0.44
1.794558048248291,-0.96,0.56,-0.65
1.7995281219482422,-1.03,0.73,-0.82
1.8104372024536133,-0.99,0.91,-1.01
1.8151159286499023,-0.82,1.04,-1.2
1.8271889686584473,-0.65,1.06,-1.27
1.83479905128479,-0.56,1.09,-1.27
1.8448081016540527,-0.68,1.21,-1.24
1.8549580574035645,-1.01,1.38,-1.23
1.864872932434082,-1.41,1.49,-1.23
1.875978946685791,-1.67,1.55,-1.25
1.8845901489257812,-1.75,1.58,-1.37
1.8944859504699707,-1.63,1.54,-1.52
1.9043769836425781,-1.38,1.5,-1.69
1.9144911766052246,-1.19,1.44,-1.85
1.924180030822754,-1.18,1.27,-1.95
1.933941125869751,-1.34,1.02,-2.01
1.9440202713012695,-1.64,0.76,-1.97
1.9539930820465088,-2.02,0.55,-1.94
1.963994026184082,-2.36,0.38,-1.93
1.9754841327667236,-2.59,0.28,-1.93
1.983910083770752,-2.73,0.3,-1.94
1.99379301071167,-2.72,0.42,-1.97
2.003787040710449,-2.59,0.51,-2.0
2.013698101043701,-2.45,0.53,-2.02
2.023448944091797,-2.37,0.59,-2.05
2.033250093460083,-2.33,0.7,-2.06
2.04313325881958,-2.33,0.88,-2.03
2.0531210899353027,-2.31,0.95,-1.96
2.063035011291504,-2.23,0.93,-1.92
2.075237274169922,-2.15,0.85,-1.92
2.0830471515655518,-2.13,0.65,-1.95
2.0927700996398926,-2.15,0.33,-2.02
2.1026611328125,-2.19,0.02,-2.08
2.1129260063171387,-2.17,-0.18,-2.08
2.122960090637207,-2.08,-0.23,-1.99
2.132697105407715,-1.97,-0.2,-1.85
2.1427900791168213,-1.82,-0.17,-1.73
2.152235984802246,-1.66,-0.16,-1.64
2.162106990814209,-1.49,-0.16,-1.56
2.1772971153259277,-1.27,-0.2,-1.45
2.1824731826782227,-1.06,-0.35,-1.32
2.1920289993286133,-0.93,-0.61,-1.18
2.2021689414978027,-0.91,-0.94,-1.03
2.2118449211120605,-0.97,-1.31,-0.85
2.222027063369751,-1.11,-1.71,-0.67
2.2320940494537354,-1.35,-1.98,-0.5
2.2418012619018555,-1.45,-2.23,-0.23
2.2513160705566406,-1.36,-2.4,-0.08
2.261411190032959,-1.14,-2.52,0.03
2.2754392623901367,-0.84,-2.74,0.0
2.2814059257507324,-0.55,-3.07,-0.17
2.2912192344665527,-0.32,-3.37,-0.46
2.301201105117798,-0.05,-3.6,-0.73
2.311054229736328,0.28,-3.68,-0.94
2.3211910724639893,0.59,-3.5,-1.1
2.3308870792388916,0.83,-3.15,-1.21
2.340703010559082,1.04,-2.8,-1.21
2.350543975830078,1.3,-2.54,-1.16
2.3606629371643066,1.51,-2.28,-1.05
2.3726420402526855,1.34,-1.84,-0.78
2.3806591033935547,0.98,-1.38,-0.41
2.3903651237487793,0.9,-1.1,-0.12
2.400245189666748,1.13,-0.75,0.07
2.4104371070861816,0.74,-0.41,0.37
2.420088052749634,0.18,-0.23,0.66
2.4304299354553223,-0.33,-0.11,0.8
2.4402670860290527,-0.54,-0.25,0.92
2.449882984161377,-0.56,-0.41,1.06
2.4598701000213623,-0.49,-0.42,1.1
2.4750542640686035,-0.34,-0.34,1.05
2.4803340435028076,-0.16,-0.29,0.94
2.4895009994506836,0.04,-0.26,0.81
2.499500274658203,0.2,-0.0,0.71
2.509681224822998,0.27,0.32,0.65
2.5195300579071045,0.28,0.48,0.61
2.529461145401001,0.24,0.49,0.54
2.5391550064086914,0.16,0.42,0.43
2.549018144607544,0.06,0.34,0.28
2.559061050415039,-0.11,0.36,0.14
2.5692150592803955,-0.34,0.49,0.06
2.579010009765625,-0.52,0.67,0.01
2.5891940593719482,-0.47,0.74,-0.1
2.5985779762268066,-0.52,0.83,-0.21
2.6085262298583984,-0.6,0.92,-0.3
2.6183462142944336,-0.69,0.96,-0.39
2.6285510063171387,-0.76,1.09,-0.57
2.638395071029663,-0.81,1.27,-0.76
2.6485161781311035,-0.84,1.36,-0.82
2.6582441329956055,-0.85,1.5,-0.83
2.668598175048828,-0.97,1.66,-0.76
2.678211212158203,-1.24,1.72,-0.64
2.688131093978882,-1.53,1.68,-0.47
2.6978049278259277,-1.61,1.51,-0.27
2.7077431678771973,-1.29,0.76,0.16
2.717527151107788,-1.05,0.26,0.49
2.727713108062744,-1.17,0.24,0.52
2.737558126449585,-1.71,0.28,0.35
2.747774124145508,-2.39,0.66,-0.11
2.7573952674865723,-2.63,0.88,-0.52
2.7673561573028564,-2.44,0.9,-0.7
2.780064105987549,-1.86,0.51,-0.62
2.787034034729004,-1.11,-0.12,-0.44
2.7972192764282227,-0.68,-0.38,-0.43
2.810526132583618,-0.74,0.13,-0.82
2.8169710636138916,-0.96,0.86,-1.57
2.8269710540771484,-1.06,1.37,-2.55
2.836759090423584,-1.02,1.42,-3.55
2.846989154815674,-0.95,0.92,-4.03
2.856935977935791,-1.07,1.24,-3.68
2.8668131828308105,-1.17,2.06,-3.01
2.8789360523223877,-1.33,2.33,-2.29
2.886646270751953,-1.59,2.32,-1.63
2.8964462280273438,-1.83,2.16,-1.32
2.9129860401153564,-1.99,1.51,-1.23
2.9187369346618652,-2.07,0.9,-1.21
2.926234245300293,-2.18,0.33,-1.26
2.9439260959625244,-2.33,-0.22,-1.35
2.949397087097168,-2.38,-0.5,-1.41
2.9560301303863525,-2.34,-0.64,-1.36
2.9660110473632812,-2.21,-0.82,-1.25
2.976330041885376,-2.03,-0.99,-1.41
2.988284111022949,-1.66,-1.31,-1.49
2.9954819679260254,-1.13,-1.69,-1.5
3.011794090270996,-0.66,-1.82,-1.53
3.017807960510254,-0.38,-1.74,-1.55
3.025273084640503,-0.25,-1.5,-1.56
3.035550117492676,-0.19,-1.18,-1.47
3.045152187347412,-0.2,-0.83,-1.25
3.054957151412964,-0.29,-0.45,-0.87
3.0648350715637207,-0.28,-0.57,-0.76
3.0760622024536133,-0.31,-0.72,-0.73
3.0846810340881348,-0.43,-0.48,-0.55
3.095123052597046,-0.47,-0.54,-0.46
3.104969024658203,-0.51,-0.67,-0.35
3.114820957183838,-0.62,-0.38,-0.07
3.124833106994629,-0.67,-0.07,0.12
3.134451150894165,-0.7,0.15,0.28
3.144279956817627,-0.65,0.34,0.53
3.154210090637207,-0.56,0.43,0.87
3.164152145385742,-0.43,0.37,1.26
3.1754159927368164,-0.35,0.23,1.55
3.183777093887329,-0.35,0.24,1.68
3.194310188293457,-0.54,0.3,1.65
3.2041101455688477,-0.85,0.24,1.47
3.213956117630005,-1.26,0.07,1.3
3.2236011028289795,-1.69,-0.13,1.19
3.2332980632781982,-2.08,-0.31,1.18
3.2433862686157227,-2.33,-0.51,1.2
3.253392219543457,-2.47,-0.53,1.28
3.2631120681762695,-2.29,-0.26,1.39
3.2746801376342773,-1.75,-0.01,1.51
3.293053150177002,-0.31,-0.58,1.68
3.2985072135925293,-0.31,-0.58,1.68
3.3030500411987305,0.19,-0.95,1.73
3.312918186187744,0.52,-1.18,1.69
3.3230130672454834,0.67,-1.2,1.57
3.3326640129089355,0.6,-1.07,1.25
3.3425021171569824,0.38,-0.94,0.82
3.3525662422180176,0.12,-0.84,0.42
3.3624911308288574,-0.16,-0.76,0.16
3.3731231689453125,-0.43,-0.72,0.02
3.393306255340576,-0.65,-0.29,-0.06
3.3937630653381348,-0.65,-0.29,-0.06
3.402367115020752,-0.33,-0.24,0.0
3.412381172180176,0.67,-0.58,0.07
3.422451972961426,1.63,-0.33,0.15
3.4318580627441406,2.07,0.28,0.22
3.4417641162872314,2.18,0.57,0.28
3.451817035675049,2.23,0.8,0.34
3.461759090423584,2.27,1.09,0.37
3.472208023071289,2.24,1.46,0.34
3.4816980361938477,2.21,1.73,0.29
3.4918651580810547,2.18,1.9,0.24
3.5013160705566406,2.01,1.99,0.18
3.511373996734619,1.57,2.3,0.15
3.5210952758789062,1.55,1.74,-0.0
3.531198024749756,1.83,0.89,-0.17
3.541185140609741,2.08,0.17,-0.34
3.5508880615234375,1.95,0.33,-0.97
3.560871124267578,2.01,0.82,-1.57
3.57077693939209,2.02,1.5,-2.11
3.5826010704040527,2.0,1.78,-1.95
3.5918221473693848,1.87,1.75,-1.4
3.6008830070495605,1.68,1.53,-0.94
3.6109609603881836,1.33,1.19,-0.47
3.620633125305176,0.79,0.62,0.09
3.6306231021881104,0.28,0.14,0.51
3.640308141708374,-0.11,0.17,0.51
3.650139093399048,-0.36,0.42,0.4
3.6600589752197266,-0.5,0.52,0.33
3.67000412940979,-0.5,0.46,0.27
3.682063102722168,-0.48,0.39,0.16
3.689908981323242,-0.5,0.49,-0.0
3.6998660564422607,-0.53,0.65,-0.13
3.7098121643066406,-0.56,0.83,-0.22
3.719630241394043,-0.55,1.04,-0.33
3.729797124862671,-0.47,1.23,-0.43
3.7394919395446777,-0.31,1.32,-0.5
3.7492260932922363,-0.09,1.23,-0.56
3.7596890926361084,0.08,0.9,-0.64
3.7693371772766113,0.18,0.53,-0.72
3.781862258911133,0.23,0.21,-0.76
3.789767265319824,0.31,0.03,-0.77
3.7989492416381836,0.38,0.01,-0.81
3.8090782165527344,0.42,0.23,-0.79
3.818979263305664,0.42,0.56,-0.85
3.8292770385742188,0.4,0.87,-0.9
3.839034080505371,0.32,1.19,-0.94
3.848560094833374,0.22,1.37,-0.97
3.8587679862976074,0.27,1.24,-0.95
3.868511199951172,0.73,0.63,-0.84
3.881196975708008,1.29,-0.18,-0.5
3.8895840644836426,1.53,-0.55,-0.01
3.8981571197509766,1.31,-0.51,0.48
3.9090070724487305,0.77,0.03,0.8
3.9182991981506348,0.19,0.72,1.02
3.92799711227417,-0.35,1.3,1.17
3.937887191772461,-0.71,1.7,1.05
3.947895050048828,-0.9,2.0,0.59
3.9577150344848633,-0.97,2.25,-0.05
3.967602252960205,-0.8,2.1,-0.44
3.9805970191955566,-0.34,1.9,-0.73
3.987718105316162,0.28,1.79,-1.36
3.9976611137390137,0.63,1.28,-2.2
4.00750207901001,0.27,0.56,-2.7
4.017116069793701,-0.62,-0.0,-2.9
4.027233123779297,-1.53,-0.22,-2.61
4.037168979644775,-2.12,0.07,-2.02
4.046950101852417,-2.17,0.44,-1.12
4.057296276092529,-1.6,0.32,-0.01
4.066822052001953,-0.76,0.11,0.38
4.079696178436279,-0.2,0.15,0.21
4.08699107170105,0.11,0.1,-0.04
4.09653902053833,0.17,-0.06,-0.32
4.10877799987793,0.12,-0.38,-0.58
4.116575241088867,0.04,-0.75,-0.78
4.126475095748901,-0.1,-1.14,-0.88
4.136638164520264,-0.34,-1.41,-0.92
4.146109104156494,-0.59,-1.5,-0.86
4.156024932861328,-0.72,-1.5,-0.75
4.166074275970459,-0.67,-1.59,-0.6
4.176094055175781,-0.49,-1.82,-0.46
4.18983006477356,-0.3,-2.09,-0.34
4.195768117904663,-0.18,-2.3,-0.27
4.207914113998413,-0.17,-2.43,-0.25
4.215573072433472,-0.28,-2.47,-0.25
4.225670099258423,-0.43,-2.47,-0.29
4.235485076904297,-0.54,-2.48,-0.32
4.245405197143555,-0.58,-2.44,-0.35
4.255239009857178,-0.59,-2.33,-0.38
4.265151023864746,-0.59,-2.19,-0.43
4.275589942932129,-0.63,-2.03,-0.48
4.288592100143433,-0.66,-1.86,-0.47
4.2951741218566895,-0.7,-1.71,-0.43
4.307662010192871,-0.76,-1.63,-0.39
4.3148181438446045,-0.86,-1.62,-0.36
4.325037002563477,-0.96,-1.65,-0.3
4.33495306968689,-1.04,-1.66,-0.24
4.344749927520752,-1.05,-1.55,-0.17
4.354574203491211,-1.03,-1.31,-0.12
4.3644561767578125,-1.04,-1.09,-0.08
4.37431001663208,-1.08,-0.89,-0.03
4.386795997619629,-1.11,-0.74,-0.03
4.394402027130127,-1.05,-0.65,-0.05
4.409294128417969,-0.89,-0.6,-0.08
4.415325164794922,-0.65,-0.57,-0.09
4.42427921295166,-0.35,-0.58,-0.07
4.433984041213989,-0.1,-0.66,0.01
4.443789958953857,0.05,-0.76,0.13
4.454057216644287,0.09,-0.87,0.25
4.463779926300049,-0.0,-0.88,0.26
4.473653078079224,-0.17,-0.83,0.19
4.486821174621582,-0.31,-0.75,0.14
4.493657112121582,-0.38,-0.7,0.12
4.503444194793701,-0.36,-0.63,0.24
4.513392925262451,-0.23,-0.48,0.4
4.523474216461182,0.04,-0.28,0.51
4.533362150192261,0.44,-0.08,0.56
4.54326605796814,0.91,0.1,0.52
4.553182125091553,1.35,0.3,0.45
4.562767028808594,1.72,0.62,0.32
4.572843074798584,1.93,0.89,0.18
4.589169979095459,2.02,1.19,0.13
4.594963073730469,1.99,1.53,0.13
4.602925062179565,1.94,1.87,0.18
4.6123552322387695,1.85,2.09,0.25
4.6251890659332275,1.74,2.13,0.32
4.63241720199585,1.52,2.07,0.34
4.642377138137817,1.33,2.0,0.32
4.652569055557251,1.2,1.9,0.32
4.662113189697266,1.06,1.76,0.3
4.6720170974731445,0.96,1.63,0.2
4.689273118972778,1.01,1.5,0.16
4.695041179656982,1.19,1.48,0.23
4.702034950256348,1.39,1.6,0.27
4.711606025695801,1.58,1.73,0.35
4.724809169769287,1.59,1.88,0.54
4.731596946716309,1.52,1.8,0.76
4.741392135620117,1.48,1.3,0.95
4.75160813331604,1.32,0.83,1.02
4.7614030838012695,1.01,0.6,0.91
4.771186113357544,0.62,0.56,0.71
4.785009145736694,0.28,0.64,0.47
4.791069984436035,0.03,0.71,0.34
4.800910949707031,-0.16,0.8,0.27
4.810723066329956,-0.27,0.92,0.23
4.820800065994263,-0.36,1.03,0.18
4.83046293258667,-0.43,1.12,0.13
4.840908050537109,-0.46,1.19,0.07
4.8508241176605225,-0.44,1.2,0.02
4.860723972320557,-0.39,1.12,-0.01
4.8703999519348145,-0.34,0.97,-0.05
4.883984088897705,-0.28,0.77,-0.11
4.8905510902404785,-0.25,0.47,-0.22
4.900041103363037,-0.22,0.22,-0.32
4.910114049911499,-0.18,0.0,-0.39
4.920368194580078,-0.13,-0.06,-0.46
4.9300031661987305,-0.04,0.04,-0.56
4.939892053604126,0.06,0.16,-0.67
4.949702262878418,0.15,0.3,-0.76
4.960007190704346,0.22,0.49,-0.83
4.969685077667236,0.28,0.74,-0.89
4.979494094848633,0.33,1.03,-0.94
4.992970943450928,0.37,1.28,-0.96
4.999369144439697,0.42,1.44,-0.94
5.009326934814453,0.65,1.42,-0.84
5.026299953460693,1.04,1.11,-0.56
5.032843112945557,1.23,0.65,-0.06
5.039215087890625,0.9,0.14,0.49
5.057614088058472,0.24,-0.2,0.94
5.063415050506592,-0.39,-0.15,1.32
5.071880102157593,-0.73,0.17,1.55
5.079308032989502,-0.78,0.7,1.42
5.094046115875244,-0.62,1.28,0.83
5.101206064224243,-0.36,1.53,0.19
5.108737945556641,-0.03,1.31,-0.06
5.123350143432617,0.33,0.95,-0.42
5.129727125167847,0.47,0.22,-1.08
5.138453960418701,0.06,-0.58,-1.58
5.148198127746582,-0.87,-0.43,-1.81
5.158343076705933,-1.73,0.11,-1.4
5.168367147445679,-1.96,0.06,-0.26
5.178071022033691,-1.57,-0.27,0.36
5.19066309928894,-0.96,-0.31,0.25
5.1977739334106445,-0.44,0.01,0.1
5.20795202255249,-0.21,0.43,-0.01
5.217665195465088,-0.2,0.54,-0.06
5.227563142776489,-0.31,0.32,-0.15
5.237442970275879,-0.34,-0.17,-0.3
5.247347116470337,-0.31,-0.72,-0.47
5.257341146469116,-0.28,-1.16,-0.6
5.267203092575073,-0.29,-1.45,-0.66
5.2772791385650635,-0.35,-1.6,-0.66
5.289553165435791,-0.44,-1.68,-0.64
5.297054052352905,-0.49,-1.79,-0.58
5.307257175445557,-0.47,-1.95,-0.48
5.317044258117676,-0.4,-2.17,-0.39
5.326999187469482,-0.3,-2.39,-0.31
5.336582183837891,-0.2,-2.55,-0.28
5.346680164337158,-0.15,-2.63,-0.3
5.356447219848633,-0.19,-2.64,-0.34
5.3663270473480225,-0.28,-2.63,-0.36
5.376273155212402,-0.37,-2.64,-0.39
5.388843059539795,-0.43,-2.62,-0.43
5.406809091567993,-0.45,-2.48,-0.44
5.407249927520752,-0.45,-2.48,-0.44
5.416214942932129,-0.46,-2.34,-0.38
5.426183223724365,-0.5,-2.15,-0.33
5.435945987701416,-0.55,-1.96,-0.28
5.44551420211792,-0.65,-1.8,-0.28
5.455563068389893,-0.76,-1.67,-0.28
5.465450048446655,-0.87,-1.6,-0.28
5.476022243499756,-0.96,-1.52,-0.3
5.488353252410889,-1.03,-1.4,-0.31
5.4950642585754395,-1.05,-1.2,-0.29
5.505321979522705,-1.06,-0.91,-0.24
5.515152931213379,-1.08,-0.65,-0.18
5.52498722076416,-1.04,-0.55,-0.07
5.53505802154541,-0.93,-0.54,-0.01
5.545212268829346,-0.76,-0.53,-0.0
5.554911136627197,-0.56,-0.47,0.0
5.564754962921143,-0.33,-0.45,0.05
5.574798107147217,-0.09,-0.48,0.16
5.5883049964904785,0.06,-0.62,0.27
5.594693183898926,0.14,-0.82,0.35
5.6044769287109375,0.08,-0.94,0.32
5.614565134048462,-0.04,-1.0,0.22
5.624633073806763,-0.14,-0.94,0.14
5.634557247161865,-0.21,-0.82,0.12
5.64436411857605,-0.19,-0.67,0.21
5.654435157775879,-0.04,-0.48,0.35
5.663896083831787,0.24,-0.26,0.45
5.673957109451294,0.62,-0.1,0.46
5.687658071517944,1.01,0.05,0.44
5.693713188171387,1.34,0.27,0.41
5.703877925872803,1.62,0.57,0.34
5.713644981384277,1.79,0.84,0.25
5.723649024963379,1.86,1.14,0.21
5.733490943908691,1.83,1.49,0.2
5.7432990074157715,1.74,1.78,0.22
5.753288269042969,1.64,1.94,0.24
5.76293420791626,1.45,2.01,0.25
5.773055076599121,1.21,1.89,0.23
5.7831711769104,1.01,1.76,0.19
5.7959511280059814,1.03,1.66,0.18
5.805578231811523,1.1,1.56,0.18
5.813099145889282,1.14,1.31,0.16
5.822964191436768,1.25,1.07,0.19
5.832644939422607,1.38,1.13,0.19
5.84255313873291,1.46,1.55,0.22
5.852557182312012,1.55,1.96,0.33
5.862322092056274,1.5,2.28,0.48
5.872386932373047,1.24,2.31,0.76
5.882256031036377,1.13,1.69,0.99
5.89539909362793,1.1,0.87,0.96
5.902320146560669,0.96,0.43,0.8
5.911915063858032,0.63,0.45,0.61
5.921673059463501,0.32,0.63,0.47
5.931854248046875,0.08,0.79,0.38
5.94191312789917,-0.11,0.9,0.31
5.9515790939331055,-0.26,1.0,0.26
5.9614949226379395,-0.36,1.07,0.21
5.972705125808716,-0.41,1.09,0.15
5.981705188751221,-0.4,1.09,0.1
5.994668006896973,-0.32,1.06,0.07
6.003697156906128,-0.24,0.94,0.06
6.011538028717041,-0.17,0.76,0.02
6.0213000774383545,-0.13,0.51,-0.07
6.031057119369507,-0.13,0.28,-0.18
6.041036128997803,-0.15,0.12,-0.29
6.050878047943115,-0.19,0.1,-0.39
6.060850143432617,-0.21,0.15,-0.47
6.070547103881836,-0.18,0.2,-0.59
6.080603122711182,-0.11,0.28,-0.71
6.093677997589111,-0.04,0.47,-0.81
6.100794076919556,0.0,0.73,-0.9
6.110566139221191,0.01,1.04,-0.95
6.122519016265869,0.02,1.33,-0.94
6.130640983581543,0.05,1.41,-0.88
6.1404640674591064,0.21,1.27,-0.79
6.150057077407837,0.58,0.9,-0.59
6.160003185272217,1.01,0.19,-0.09
6.1698081493377686,1.11,-0.4,0.43
6.179708003997803,0.8,-0.54,0.86
6.193680047988892,0.28,-0.22,1.24
6.200406074523926,-0.16,0.23,1.46
6.209756135940552,-0.42,0.7,1.33
6.222248077392578,-0.48,1.13,0.85
6.229319095611572,-0.44,1.31,0.29
6.239264011383057,-0.32,1.14,0.01
6.249269008636475,-0.11,0.93,-0.41
6.259116172790527,0.03,0.44,-1.02
6.269186973571777,-0.05,-0.33,-1.5
6.278886079788208,-0.49,-0.52,-1.64
6.293516159057617,-1.02,-0.37,-1.02
6.300501108169556,-1.3,-0.25,0.24
6.308768272399902,-1.24,-0.02,0.46
6.3222761154174805,-1.04,0.19,0.25
6.328879117965698,-0.81,0.39,0.04
6.33872127532959,-0.62,0.52,-0.09
6.348711013793945,-0.5,0.55,-0.13
6.358456134796143,-0.49,0.35,-0.17
6.368242263793945,-0.51,-0.04,-0.32
6.378003120422363,-0.54,-0.42,-0.56
6.389358043670654,-0.56,-0.83,-0.67
6.402421951293945,-0.45,-1.29,-0.7
6.408757209777832,-0.35,-1.67,-0.74
6.421831130981445,-0.33,-1.86,-0.72
6.428132057189941,-0.36,-1.99,-0.65
6.4402689933776855,-0.38,-2.12,-0.56
6.447817087173462,-0.39,-2.24,-0.49
6.457966089248657,-0.38,-2.3,-0.41
6.467684268951416,-0.37,-2.35,-0.35
6.477481126785278,-0.36,-2.39,-0.34
6.491652011871338,-0.35,-2.38,-0.37
6.505579948425293,-0.33,-2.4,-0.38
6.512009143829346,-0.3,-2.45,-0.38
6.520771026611328,-0.29,-2.44,-0.38
6.527281045913696,-0.3,-2.34,-0.36
6.537298202514648,-0.31,-2.18,-0.31
6.547054052352905,-0.38,-1.94,-0.25
6.556905269622803,-0.47,-1.7,-0.21
6.566748142242432,-0.58,-1.52,-0.21
6.576719045639038,-0.71,-1.44,-0.23
6.586482048034668,-0.85,-1.44,-0.26
6.6052021980285645,-1.0,-1.47,-0.28
6.611426115036011,-1.12,-1.45,-0.29
6.619368076324463,-1.16,-1.27,-0.27
6.6260740756988525,-1.14,-0.99,-0.22
6.637704133987427,-1.09,-0.77,-0.16
6.6458210945129395,-1.04,-0.65,-0.11
6.65602707862854,-0.98,-0.53,-0.08
6.666076183319092,-0.84,-0.42,-0.08
6.6761391162872314,-0.65,-0.29,-0.08
6.685773134231567,-0.41,-0.23,-0.05
6.700101137161255,-0.15,-0.34,0.02
6.706732273101807,0.05,-0.57,0.13
6.715810060501099,0.15,-0.75,0.24
6.725363254547119,0.14,-0.9,0.29
6.741123199462891,0.05,-1.03,0.25
6.747411251068115,-0.08,-1.06,0.15
6.75539493560791,-0.18,-1.0,0.06
6.771626949310303,-0.24,-0.87,0.1
6.778180122375488,-0.22,-0.71,0.25
6.785466194152832,-0.06,-0.54,0.42
6.803365230560303,0.22,-0.37,0.53
6.809598922729492,0.6,-0.24,0.58
6.820112228393555,1.01,-0.1,0.59
6.82632303237915,1.35,0.13,0.56
6.836449146270752,1.59,0.39,0.48
6.844424247741699,1.75,0.67,0.4
6.85451602935791,1.83,1.03,0.34
6.864293098449707,1.84,1.36,0.32
6.874269962310791,1.77,1.69,0.32
6.884640216827393,1.66,1.89,0.3
6.904879093170166,1.21,1.63,0.32
6.905322074890137,1.21,1.63,0.32
6.9140801429748535,0.93,1.49,0.33
6.923886060714722,0.83,1.46,0.32
6.93363094329834,0.89,1.38,0.31
6.943580150604248,0.93,1.21,0.2
6.954635143280029,1.0,1.2,0.09
6.963418006896973,1.1,1.48,0.02
6.973433971405029,1.2,1.95,0.09
6.98366904258728,1.3,2.39,0.23
7.00303316116333,1.34,2.37,0.74
7.0090250968933105,1.34,2.37,0.74
7.012915134429932,1.29,1.78,0.97
7.023201942443848,1.2,1.13,0.98
7.0332722663879395,0.95,0.74,0.78
7.043166160583496,0.64,0.57,0.58
7.053103923797607,0.31,0.63,0.43
7.062899112701416,0.07,0.78,0.31
7.072875022888184,-0.1,0.91,0.24
7.082582950592041,-0.2,1.02,0.18
7.096499919891357,-0.29,1.18,0.13
7.103150129318237,-0.36,1.29,0.06
7.112303256988525,-0.41,1.36,-0.03
7.122661113739014,-0.43,1.37,-0.11
7.132077217102051,-0.41,1.32,-0.17
7.142043113708496,-0.37,1.19,-0.23
7.152022123336792,-0.33,0.94,-0.27
7.1622090339660645,-0.3,0.66,-0.32
7.1719090938568115,-0.29,0.4,-0.39
7.181796073913574,-0.27,0.18,-0.46
7.195679187774658,-0.24,0.09,-0.55
7.203005075454712,-0.18,0.13,-0.65
7.211504936218262,-0.09,0.32,-0.74
7.221577167510986,0.02,0.59,-0.82
7.231280088424683,0.14,0.91,-0.88
7.2414391040802,0.19,1.28,-0.94
7.251413106918335,0.21,1.57,-0.98
7.261284112930298,0.28,1.62,-0.98
7.271317958831787,0.54,1.4,-0.91
7.281064033508301,0.96,0.92,-0.7
7.295099258422852,1.23,0.47,-0.25
7.302667140960693,1.06,0.24,0.33
7.310678958892822,0.52,0.06,0.88
7.320656061172485,-0.11,-0.01,1.31
7.330464124679565,-0.54,0.01,1.55
7.340997219085693,-0.7,0.11,1.56
7.350774049758911,-0.61,0.43,1.26
7.360270023345947,-0.35,0.92,0.75
7.3701701164245605,-0.06,1.44,0.17
7.380130052566528,0.21,1.56,-0.23
7.390407085418701,0.4,1.02,-0.65
7.403385162353516,0.38,-0.0,-1.43
7.410429000854492,0.14,-0.88,-2.23
7.420001029968262,-0.46,-0.57,-2.6
7.429962158203125,-1.35,0.08,-1.92
7.439640045166016,-1.85,0.08,0.03
7.449617147445679,-1.86,0.07,0.86
7.459554195404053,-1.5,0.02,0.78
7.469456195831299,-1.03,0.17,0.53
7.479196071624756,-0.74,0.56,0.28
7.489624977111816,-0.6,0.88,0.03
7.502697944641113,-0.44,0.74,-0.13
7.509642124176025,-0.25,-0.03,-0.3
7.5191521644592285,-0.11,-0.81,-0.5
7.52885103225708,-0.03,-1.31,-0.65
7.538938045501709,-0.03,-1.57,-0.71
7.548843145370483,-0.1,-1.63,-0.73
7.5587592124938965,-0.22,-1.65,-0.72
7.5686821937561035,-0.3,-1.72,-0.65
7.578675270080566,-0.34,-1.9,-0.58
7.588595151901245,-0.35,-2.09,-0.5
7.602761268615723,-0.4,-2.24,-0.41
7.608920097351074,-0.44,-2.39,-0.35
7.620182037353516,-0.47,-2.48,-0.35
7.628303050994873,-0.48,-2.54,-0.39
7.638016223907471,-0.48,-2.56,-0.42
7.647922039031982,-0.48,-2.54,-0.42
7.658262252807617,-0.5,-2.48,-0.42
7.667971134185791,-0.53,-2.37,-0.42
7.677724123001099,-0.56,-2.19,-0.41
7.687646150588989,-0.57,-1.97,-0.39
7.700969219207764,-0.6,-1.8,-0.38
7.707783222198486,-0.62,-1.71,-0.39
7.721505165100098,-0.68,-1.62,-0.4
7.7278361320495605,-0.75,-1.51,-0.39
7.737613201141357,-0.8,-1.35,-0.37
7.747689247131348,-0.79,-1.11,-0.29
7.757050037384033,-0.76,-0.84,-0.19
7.766907215118408,-0.77,-0.6,-0.08
7.776750087738037,-0.85,-0.48,0.01
7.786927223205566,-0.93,-0.42,0.08
7.801048040390015,-0.97,-0.39,0.1
7.807333946228027,-0.93,-0.37,0.07
7.816751956939697,-0.83,-0.36,-0.01
7.826756000518799,-0.62,-0.43,-0.05
7.836921215057373,-0.36,-0.53,-0.05
7.846698045730591,-0.15,-0.6,-0.02
7.856352090835571,0.0,-0.69,0.05
7.866156101226807,0.07,-0.77,0.08
7.876355171203613,0.04,-0.84,0.06
7.886150121688843,-0.01,-0.89,0.07
7.9002721309661865,-0.05,-0.88,0.13
7.906678199768066,-0.07,-0.75,0.25
7.916098117828369,-0.04,-0.56,0.41
7.926249027252197,0.14,-0.47,0.58
7.935754060745239,0.41,-0.41,0.68
7.945505142211914,0.75,-0.35,0.71
7.955609083175659,1.1,-0.26,0.71
7.965692043304443,1.37,-0.05,0.67
7.97553014755249,1.58,0.14,0.56
7.985326051712036,1.74,0.38,0.41
7.99943208694458,1.83,0.74,0.31
8.005880117416382,1.83,1.08,0.29
8.01502513885498,1.76,1.41,0.29
8.02524209022522,1.64,1.62,0.25
8.038480043411255,1.47,1.59,0.26
8.044623136520386,1.22,1.38,0.34
8.054890155792236,1.02,1.25,0.42
8.071095943450928,0.92,1.21,0.46
8.077699184417725,0.94,1.13,0.4
8.08482813835144,1.05,1.05,0.23
8.101532936096191,1.24,1.0,0.1
8.107757091522217,1.43,1.18,0.09
8.114234924316406,1.6,1.53,0.2
8.124192237854004,1.71,1.91,0.37
8.136757135391235,1.6,2.27,0.54
8.144185066223145,1.39,2.18,0.7
8.154023170471191,1.2,1.58,0.8
8.163800239562988,1.02,0.92,0.74
8.173590183258057,0.76,0.53,0.55
8.183624267578125,0.49,0.45,0.42
8.193690061569214,0.27,0.54,0.33
8.207386016845703,0.1,0.69,0.24
8.214427947998047,-0.03,0.85,0.16
8.223591089248657,-0.14,0.98,0.1
8.23436713218689,-0.23,1.11,0.05
8.243491172790527,-0.33,1.2,-0.01
8.253252029418945,-0.43,1.25,-0.07
8.26319408416748,-0.48,1.22,-0.15
8.272871971130371,-0.48,1.2,-0.22
8.282952070236206,-0.45,1.11,-0.27
8.292774200439453,-0.38,0.96,-0.31
8.307943105697632,-0.32,0.77,-0.34
8.317548274993896,-0.26,0.58,-0.41
8.323743104934692,-0.23,0.44,-0.5
8.333999156951904,-0.21,0.34,-0.6
8.342292070388794,-0.22,0.37,-0.7
8.352331161499023,-0.22,0.53,-0.79
8.362380027770996,-0.19,0.77,-0.87
8.37238597869873,-0.15,1.03,-0.93
8.382105112075806,-0.06,1.28,-0.97
8.39197826385498,0.07,1.44,-0.99
8.402018070220947,0.28,1.51,-1.0
8.411771059036255,0.61,1.48,-0.98
8.421736240386963,1.06,1.19,-0.8
8.431597232818604,1.31,0.63,-0.36
8.441803932189941,1.09,0.09,0.17
8.451746940612793,0.52,-0.2,0.62
8.461514949798584,-0.05,-0.18,1.04
8.47116994857788,-0.46,0.07,1.32
8.481316089630127,-0.57,0.37,1.37
8.491160154342651,-0.45,0.76,1.02
8.50556993484497,-0.24,1.19,0.41
8.520315170288086,0.0,1.22,0.18
8.526773929595947,0.28,0.9,-0.02
8.533846139907837,0.43,0.09,-0.48
8.540738105773926,0.19,-0.89,-0.88
8.55106496810913,-0.45,-0.64,-1.22
8.560964107513428,-1.11,-0.03,-1.2
8.570568084716797,-1.4,0.02,-0.26
8.580734252929688,-1.3,-0.13,0.46
8.5905122756958,-1.02,-0.15,0.36
8.603640079498291,-0.75,0.06,0.18
8.618768215179443,-0.59,0.32,0.04
8.625051021575928,-0.5,0.5,-0.04
8.633829116821289,-0.41,0.35,-0.11
8.64004898071289,-0.33,-0.07,-0.26
8.652614116668701,-0.28,-0.5,-0.49
8.659986019134521,-0.34,-0.62,-0.64
8.669916152954102,-0.39,-0.77,-0.72
8.679850101470947,-0.34,-1.1,-0.72
8.68966817855835,-0.32,-1.48,-0.66
8.702685117721558,-0.39,-1.73,-0.55
8.70991325378418,-0.48,-1.9,-0.44
8.719720125198364,-0.47,-2.1,-0.35
8.7296462059021,-0.39,-2.26,-0.31
8.739493131637573,-0.31,-2.35,-0.31
8.749195098876953,-0.28,-2.36,-0.34
8.75900411605835,-0.33,-2.38,-0.36
8.769296169281006,-0.4,-2.4,-0.38
8.778998136520386,-0.42,-2.44,-0.41
8.788645267486572,-0.43,-2.41,-0.44
8.802300930023193,-0.44,-2.3,-0.44
8.809335231781006,-0.45,-2.14,-0.43
8.818897247314453,-0.49,-1.93,-0.42
8.828790187835693,-0.54,-1.79,-0.4
8.838490009307861,-0.6,-1.67,-0.4
8.848405122756958,-0.73,-1.59,-0.4
8.858245134353638,-0.86,-1.55,-0.41
8.868030071258545,-0.99,-1.51,-0.43
8.878380060195923,-1.07,-1.43,-0.42
8.88806414604187,-1.07,-1.19,-0.37
8.901440143585205,-1.02,-0.91,-0.27
8.908518075942993,-0.97,-0.7,-0.13
8.917999267578125,-0.94,-0.65,0.0
8.927848100662231,-0.89,-0.62,0.12
8.937595129013062,-0.8,-0.61,0.15
8.947780132293701,-0.69,-0.53,0.14
8.957435131072998,-0.55,-0.44,0.16
8.967456102371216,-0.37,-0.43,0.22
8.977184057235718,-0.2,-0.47,0.3
8.987168073654175,-0.05,-0.67,0.36
8.99747610092163,0.04,-0.89,0.36
9.011308193206787,0.05,-1.05,0.27
9.017986059188843,-0.01,-1.07,0.15
9.035499095916748,-0.04,-0.97,0.12
9.041893005371094,-0.01,-0.79,0.18
9.051216125488281,0.11,-0.6,0.3
9.057464122772217,0.32,-0.41,0.43
9.06736421585083,0.62,-0.26,0.51
9.076673030853271,0.94,-0.14,0.56
9.08657693862915,1.21,0.04,0.56
9.096914052963257,1.42,0.26,0.53
9.110205173492432,1.6,0.38,0.44
9.117186069488525,1.7,0.55,0.38
9.133384227752686,1.72,0.82,0.33
9.13963007926941,1.69,1.14,0.31
9.150781154632568,1.63,1.43,0.3
9.157294273376465,1.55,1.56,0.32
9.168797969818115,1.36,1.5,0.37
9.175925254821777,1.11,1.34,0.38
9.185908079147339,0.91,1.25,0.33
9.195909023284912,0.85,1.2,0.26
9.209550142288208,0.92,1.14,0.12
9.216392040252686,1.05,1.1,-0.01
9.225663185119629,1.19,1.32,-0.04
9.23570203781128,1.29,1.72,0.07
9.245412111282349,1.36,2.13,0.27
9.255171060562134,1.39,2.37,0.46
9.265443086624146,1.31,2.49,0.64
9.275064945220947,1.15,2.16,0.85
9.284886121749878,1.05,1.42,0.9
9.295038223266602,0.91,0.75,0.75
9.308752059936523,0.66,0.47,0.54
9.317007064819336,0.38,0.52,0.39
9.324757099151611,0.13,0.68,0.27
9.334588050842285,-0.05,0.88,0.17
9.344382047653198,-0.17,1.01,0.1
9.354161262512207,-0.23,1.11,0.03
9.364205121994019,-0.25,1.23,-0.03
9.374015092849731,-0.29,1.33,-0.12
9.384092092514038,-0.34,1.36,-0.2
9.393976211547852,-0.37,1.34,-0.27
9.408578157424927,-0.38,1.23,-0.32
9.415953159332275,-0.36,1.08,-0.36
9.423670053482056,-0.34,0.85,-0.38
9.433701038360596,-0.32,0.64,-0.41
9.443827152252197,-0.3,0.47,-0.45
9.453901052474976,-0.26,0.34,-0.51
9.463638067245483,-0.22,0.28,-0.58
9.473474025726318,-0.2,0.34,-0.68
9.48335313796997,-0.19,0.5,-0.75
9.493144989013672,-0.14,0.71,-0.8
9.50747299194336,-0.02,0.93,-0.84
9.515003204345703,0.15,1.13,-0.86
9.522861957550049,0.34,1.3,-0.85
9.53349494934082,0.57,1.39,-0.84
9.542919158935547,0.94,1.34,-0.77
9.55298900604248,1.37,0.97,-0.51
9.562763214111328,1.46,0.35,-0.03
9.572435140609741,1.02,-0.14,0.39
9.582272052764893,0.34,-0.34,0.77
9.592335224151611,-0.27,-0.15,1.16
9.606736183166504,-0.61,0.25,1.45
9.616011142730713,-0.65,0.71,1.39
9.622502088546753,-0.47,1.08,0.89
9.633562088012695,-0.2,1.25,0.32
9.642241954803467,0.09,1.06,0.25
9.652014255523682,0.34,0.59,0.17
9.66195011138916,0.36,-0.23,-0.25
9.671658039093018,0.1,-0.98,-0.74
9.68166208267212,-0.4,-0.78,-1.26
9.691542148590088,-0.94,-0.18,-1.44
9.706135272979736,-1.27,0.14,-0.88
9.717185020446777,-1.3,0.08,-0.01
9.723871231079102,-1.09,0.05,0.15
9.733204126358032,-0.86,0.18,0.09
9.741168022155762,-0.71,0.38,0.04
9.751142978668213,-0.63,0.45,-0.01
9.76107406616211,-0.55,0.23,-0.07
9.770843982696533,-0.49,-0.16,-0.23
9.780936241149902,-0.52,-0.4,-0.44
9.790760040283203,-0.6,-0.48,-0.59
9.801412105560303,-0.51,-0.85,-0.66
9.815315246582031,-0.35,-1.27,-0.64
9.822397232055664,-0.29,-1.61,-0.6
9.835567951202393,-0.33,-1.85,-0.51
9.842175006866455,-0.41,-2.01,-0.42
9.850346088409424,-0.42,-2.13,-0.36
9.868268966674805,-0.36,-2.27,-0.33
9.875113010406494,-0.28,-2.34,-0.36
9.882763147354126,-0.26,-2.33,-0.39
9.890491008758545,-0.31,-2.29,-0.41
9.900468111038208,-0.39,-2.29,-0.43
9.90978717803955,-0.44,-2.3,-0.44
9.920058250427246,-0.45,-2.27,-0.47
9.929672241210938,-0.45,-2.17,-0.49
9.939815998077393,-0.47,-2.03,-0.5
9.949586153030396,-0.51,-1.87,-0.47
9.959431171417236,-0.56,-1.69,-0.45
9.969334125518799,-0.61,-1.53,-0.44
9.97969102859497,-0.69,-1.44,-0.45
9.98924207687378,-0.78,-1.43,-0.47
9.999104022979736,-0.87,-1.4,-0.47
10.018640995025635,-0.89,-1.0,-0.37
10.025299072265625,-0.89,-1.0,-0.37
10.02894115447998,-0.86,-0.78,-0.26
10.039021968841553,-0.87,-0.64,-0.1
10.049070119857788,-0.93,-0.61,0.05
10.058913230895996,-1.02,-0.6,0.18
10.068758964538574,-1.02,-0.64,0.17
10.078286170959473,-0.96,-0.62,0.13
10.088722229003906,-0.81,-0.58,0.09
10.100312232971191,-0.57,-0.55,0.09
10.114169120788574,-0.29,-0.56,0.13
10.121308088302612,-0.05,-0.63,0.18
10.133755207061768,0.1,-0.72,0.23
10.140580177307129,0.15,-0.77,0.22
10.149566173553467,0.08,-0.77,0.17
10.158225059509277,-0.0,-0.75,0.15
10.168138980865479,-0.06,-0.63,0.21
10.177878141403198,-0.03,-0.52,0.34
10.187643051147461,0.09,-0.4,0.5
10.1978120803833,0.3,-0.28,0.62
10.213182926177979,0.59,-0.18,0.69
10.220293998718262,0.9,-0.08,0.72
10.227370262145996,1.18,0.07,0.72
10.237027168273926,1.42,0.22,0.67
10.251429080963135,1.6,0.3,0.58
10.258182048797607,1.73,0.47,0.47
10.267107963562012,1.78,0.77,0.38
10.276812076568604,1.75,1.15,0.32
10.286694049835205,1.7,1.4,0.28
10.296546936035156,1.6,1.44,0.29
10.311827182769775,1.38,1.35,0.33
10.318841934204102,1.13,1.32,0.34
10.326653957366943,0.98,1.36,0.3
10.336644172668457,0.98,1.33,0.21
10.350245952606201,1.01,1.22,0.09
10.356871128082275,1.08,1.25,-0.0
10.366415977478027,1.17,1.52,-0.01
10.376286029815674,1.28,1.95,0.09
10.386067152023315,1.3,2.41,0.28
10.395895004272461,1.28,2.47,0.6
10.411538124084473,1.25,2.16,0.82
10.418679237365723,1.24,1.56,0.9
10.426123142242432,1.13,0.95,0.86
10.43561315536499,0.91,0.6,0.67
10.452512264251709,0.63,0.5,0.5
10.45911693572998,0.36,0.53,0.38
10.466935157775879,0.15,0.65,0.28
10.482917070388794,-0.01,0.8,0.21
10.48950719833374,-0.11,0.93,0.14
10.49937105178833,-0.18,1.07,0.07
10.506287097930908,-0.25,1.16,-0.01
10.516148090362549,-0.29,1.17,-0.08
10.524838924407959,-0.32,1.15,-0.16
10.534873962402344,-0.3,1.09,-0.24
10.544887065887451,-0.29,0.96,-0.29
10.554566144943237,-0.27,0.79,-0.34
10.564465045928955,-0.26,0.57,-0.4
10.574672222137451,-0.28,0.39,-0.46
10.58445405960083,-0.3,0.26,-0.53
10.59435224533081,-0.31,0.17,-0.6
10.60411024093628,-0.32,0.18,-0.69
10.619569063186646,-0.3,0.29,-0.76
10.627217054367065,-0.25,0.49,-0.82
10.634054183959961,-0.18,0.79,-0.88
10.651113986968994,-0.08,1.15,-0.92
10.657801151275635,0.09,1.46,-0.93
10.664837121963501,0.34,1.59,-0.9
10.684345245361328,1.27,0.94,-0.64
10.684921264648438,1.27,0.94,-0.64
10.694069147109985,1.57,0.78,-0.3
10.704154014587402,1.37,0.56,0.21
10.716952085494995,0.63,0.32,0.67
10.723845958709717,-0.23,0.21,0.95
10.733613967895508,-0.75,0.14,1.24
10.74295425415039,-0.84,0.25,1.39
10.75298810005188,-0.65,0.63,1.17
10.76287317276001,-0.35,1.17,0.62
10.772839069366455,-0.01,1.54,0.1
10.782976150512695,0.3,1.29,0.09
10.792744159698486,0.48,0.59,0.06
10.802895069122314,0.47,-0.41,-0.37
10.812623023986816,0.14,-0.89,-1.12
10.822481155395508,-0.52,-0.3,-1.78
10.832702159881592,-1.31,0.43,-1.86
10.842577934265137,-1.75,0.55,-1.0
10.852668046951294,-1.69,0.14,0.14
10.86237907409668,-1.32,-0.15,0.32
10.872313022613525,-0.91,-0.15,0.23
10.88178825378418,-0.67,0.1,0.12
10.891916275024414,-0.5,0.26,0.06
10.902523040771484,-0.31,0.12,0.01
10.912035942077637,-0.17,-0.31,-0.15
10.921654224395752,-0.09,-0.78,-0.43
10.931557178497314,-0.04,-1.17,-0.57
10.941572189331055,-0.04,-1.38,-0.66
10.951871156692505,-0.14,-1.41,-0.71
10.96136999130249,-0.31,-1.38,-0.71
10.97117304801941,-0.47,-1.42,-0.59
10.981122970581055,-0.48,-1.7,-0.47
10.991436958312988,-0.42,-1.94,-0.38
11.001192092895508,-0.34,-2.12,-0.31
11.01538896560669,-0.33,-2.26,-0.27
11.023008108139038,-0.37,-2.35,-0.26
11.030707120895386,-0.45,-2.39,-0.26
11.040830135345459,-0.52,-2.38,-0.27
11.050890922546387,-0.55,-2.37,-0.31
11.060807228088379,-0.58,-2.35,-0.38
11.070518970489502,-0.6,-2.27,-0.43
11.080223083496094,-0.63,-2.16,-0.49
11.090492248535156,-0.64,-1.99,-0.51
11.100425243377686,-0.65,-1.82,-0.5
11.114712238311768,-0.69,-1.67,-0.49
11.121979236602783,-0.75,-1.57,-0.47
11.130154132843018,-0.81,-1.48,-0.42
11.139963150024414,-0.83,-1.34,-0.36
11.15007209777832,-0.78,-1.09,-0.29
11.15980315208435,-0.76,-0.82,-0.17
11.169648170471191,-0.81,-0.68,-0.07
11.179604053497314,-0.88,-0.62,0.02
11.189492225646973,-0.95,-0.59,0.06
11.19960904121399,-0.96,-0.53,0.06
11.214779138565063,-0.86,-0.48,0.02
11.222041130065918,-0.66,-0.5,0.0
11.230679035186768,-0.38,-0.6,0.03
11.239339113235474,-0.11,-0.73,0.1
11.249399185180664,0.09,-0.81,0.16
11.25938606262207,0.14,-0.82,0.19
11.26884913444519,0.08,-0.78,0.2
11.279113054275513,-0.01,-0.81,0.15
11.288733005523682,-0.08,-0.83,0.12
11.298535108566284,-0.12,-0.75,0.14
11.314792156219482,-0.1,-0.59,0.25
11.321840047836304,-0.01,-0.43,0.4
11.330739974975586,0.18,-0.31,0.52
11.338289260864258,0.47,-0.22,0.56
11.348076105117798,0.78,-0.1,0.59
11.358471155166626,1.08,0.05,0.58
11.368124961853027,1.32,0.25,0.54
11.37795114517212,1.49,0.48,0.45
11.387887954711914,1.61,0.8,0.35
11.398056030273438,1.71,1.14,0.26
11.408519268035889,1.79,1.45,0.21
11.418309211730957,1.82,1.67,0.2
11.42789912223816,1.72,1.75,0.23
11.437849044799805,1.48,1.61,0.26
11.447440147399902,1.17,1.33,0.29
11.457273960113525,0.99,1.12,0.3
11.467369079589844,0.94,0.97,0.3
11.47730302810669,0.91,0.92,0.2
11.487020015716553,0.92,1.0,0.07
11.497754096984863,1.0,1.3,-0.01
11.507411003112793,1.25,1.56,0.08
11.517011165618896,1.51,1.72,0.33
11.526777267456055,1.69,1.76,0.64
11.536595106124878,1.7,1.66,0.92
11.546772956848145,1.58,1.41,1.06
11.556700229644775,1.33,1.14,1.0
11.56679916381836,0.92,1.01,0.78
11.576770067214966,0.5,0.84,0.5
11.58644723892212,0.17,0.67,0.33
11.596590042114258,-0.07,0.65,0.25
11.606544971466064,-0.23,0.67,0.22
11.620765209197998,-0.3,0.72,0.18
11.63109827041626,-0.35,0.85,0.12
11.63777208328247,-0.37,0.96,0.07
11.64708423614502,-0.38,1.03,-0.01
11.656049251556396,-0.37,1.08,-0.1
11.665664196014404,-0.33,1.05,-0.18
11.6754732131958,-0.28,0.95,-0.24
11.685553073883057,-0.22,0.75,-0.27
11.695188999176025,-0.18,0.53,-0.3
11.70591402053833,-0.22,0.34,-0.34
11.719347953796387,-0.27,0.17,-0.39
11.726563930511475,-0.27,0.02,-0.46
11.735328197479248,-0.24,-0.03,-0.54
11.746796131134033,-0.22,0.05,-0.63
11.754946231842041,-0.15,0.19,-0.72
11.76508903503418,-0.08,0.43,-0.79
11.774878025054932,-0.01,0.76,-0.83
11.784605979919434,0.04,1.13,-0.86
11.79453706741333,0.13,1.37,-0.84
11.804955959320068,0.34,1.4,-0.8
11.819765090942383,0.77,1.28,-0.72
11.82717514038086,1.34,0.96,-0.47
11.834254264831543,1.58,0.46,-0.01
11.846100091934204,1.14,0.05,0.43
11.854241132736206,0.36,-0.18,0.83
11.864220142364502,-0.29,-0.19,1.24
11.874354124069214,-0.62,0.04,1.46
11.884002208709717,-0.65,0.38,1.33
11.893909931182861,-0.49,0.74,0.84
11.90398907661438,-0.23,1.02,0.25
11.919339179992676,0.11,0.89,0.1
11.927160263061523,0.4,0.27,-0.11
11.933727264404297,0.51,-0.66,-0.62
11.948280096054077,0.24,-1.13,-1.26
11.954962253570557,-0.45,-0.6,-1.83
11.963596105575562,-1.23,0.18,-1.8
11.973546028137207,-1.67,0.41,-0.82
11.983596086502075,-1.73,0.28,0.2
11.993514060974121,-1.41,0.09,0.25
12.003335952758789,-1.07,0.12,0.16
12.018328189849854,-0.87,0.27,0.1
12.0256929397583,-0.73,0.34,0.05
12.033143043518066,-0.55,0.2,-0.05
12.050106048583984,-0.37,-0.12,-0.27
12.056873083114624,-0.23,-0.49,-0.53
12.063537120819092,-0.16,-0.81,-0.67
12.081827163696289,-0.16,-1.04,-0.77
12.088582038879395,-0.23,-1.23,-0.78
12.096402168273926,-0.32,-1.45,-0.7
12.103049039840698,-0.39,-1.65,-0.61
12.114727973937988,-0.4,-1.82,-0.53
12.129435062408447,-0.37,-1.98,-0.47
12.136054039001465,-0.32,-2.16,-0.43
12.1464262008667,-0.33,-2.31,-0.39
12.152960062026978,-0.37,-2.39,-0.38
12.162869930267334,-0.44,-2.41,-0.38
12.17149305343628,-0.5,-2.4,-0.39
12.18178105354309,-0.53,-2.37,-0.41
12.191867113113403,-0.54,-2.29,-0.47
12.20169711112976,-0.56,-2.17,-0.52
12.212167263031006,-0.55,-2.02,-0.52
12.226043224334717,-0.55,-1.83,-0.51
12.23297905921936,-0.57,-1.64,-0.48
12.24770712852478,-0.63,-1.49,-0.45
12.254251956939697,-0.68,-1.37,-0.42
12.263308048248291,-0.68,-1.23,-0.37
12.271027088165283,-0.63,-1.0,-0.28
12.28082799911499,-0.6,-0.76,-0.17
12.290716171264648,-0.66,-0.65,-0.07
12.300802230834961,-0.79,-0.65,0.01
12.31125020980835,-0.94,-0.71,0.08
12.32062292098999,-1.04,-0.76,0.1
12.330668926239014,-1.06,-0.75,0.07
12.340539932250977,-0.95,-0.66,0.02
12.350780963897705,-0.72,-0.63,-0.03
12.360336065292358,-0.45,-0.66,-0.07
12.370033264160156,-0.16,-0.73,-0.06
12.379821062088013,0.07,-0.81,0.0
12.389851093292236,0.16,-0.77,0.08
12.399960994720459,0.13,-0.68,0.15
12.410048007965088,0.05,-0.68,0.18
12.424009084701538,-0.03,-0.75,0.23
12.430799007415771,-0.12,-0.72,0.28
12.447594165802002,-0.16,-0.55,0.39
12.454405069351196,-0.07,-0.42,0.56
12.46280813217163,0.14,-0.33,0.69
12.469318151473999,0.44,-0.23,0.75
12.479716062545776,0.79,-0.14,0.78
12.489312171936035,1.15,0.03,0.78
12.498980045318604,1.44,0.23,0.73
12.50914716720581,1.65,0.38,0.62
12.524140119552612,1.8,0.59,0.49
12.53070592880249,1.89,0.94,0.36
12.538594245910645,1.88,1.3,0.29
12.548962116241455,1.79,1.62,0.25
12.55875825881958,1.6,1.72,0.24
12.568424224853516,1.35,1.52,0.24
12.578351974487305,1.12,1.35,0.24
12.588484048843384,1.04,1.24,0.26
12.59830617904663,1.02,1.12,0.21
12.608212947845459,1.07,0.95,0.13
12.62283205986023,1.17,1.07,0.07
12.629616260528564,1.3,1.42,0.07
12.637859106063843,1.49,1.86,0.15
12.647999048233032,1.69,2.18,0.36
12.657966136932373,1.87,2.18,0.64
12.66797924041748,1.91,1.89,0.82
12.678000926971436,1.66,1.58,0.86
12.6876060962677,1.18,1.23,0.78
12.69773006439209,0.69,0.73,0.63
12.707705020904541,0.23,0.56,0.45
12.721977233886719,-0.11,0.57,0.37
12.72882604598999,-0.32,0.63,0.33
12.737075090408325,-0.4,0.76,0.33
12.747220039367676,-0.41,0.92,0.3
12.757349014282227,-0.39,1.1,0.22
12.766847133636475,-0.38,1.26,0.12
12.776732921600342,-0.36,1.35,0.02
12.786559104919434,-0.34,1.35,-0.07
12.7970609664917,-0.3,1.21,-0.13
12.806904077529907,-0.27,0.95,-0.17
12.820690155029297,-0.26,0.61,-0.23
12.82803726196289,-0.28,0.28,-0.31
12.836440086364746,-0.32,0.06,-0.38
12.846463203430176,-0.37,-0.09,-0.44
12.856572151184082,-0.38,-0.17,-0.53
12.866297245025635,-0.36,-0.14,-0.63
12.876081943511963,-0.3,0.03,-0.74
12.88598918914795,-0.24,0.33,-0.83
12.895913124084473,-0.18,0.73,-0.9
12.90579104423523,-0.07,1.15,-0.96
12.920490264892578,0.1,1.51,-1.0
12.927738189697266,0.36,1.69,-0.96
12.935725212097168,0.83,1.56,-0.84
12.9461350440979,1.47,1.06,-0.57
12.955698013305664,1.69,0.51,-0.13
12.965338230133057,1.18,0.03,0.43
12.975457191467285,0.25,-0.24,0.92
12.985136032104492,-0.64,-0.1,1.37
12.995383262634277,-1.03,0.06,1.7
13.005283117294312,-0.95,0.1,1.65
13.015655040740967,-0.6,0.26,1.12
13.029003143310547,-0.1,0.65,0.45
13.036444187164307,0.43,0.84,0.28
13.044939041137695,0.84,0.61,0.17
13.054774045944214,0.88,-0.13,-0.25
13.064799070358276,0.41,-0.71,-0.81
13.074499130249023,-0.38,-0.51,-1.29
13.084309101104736,-1.18,0.17,-1.35
13.09508204460144,-1.67,0.65,-0.88
13.104104042053223,-1.73,0.67,-0.18
13.114512920379639,-1.44,0.42,0.03
13.128262996673584,-1.09,0.21,0.0
13.135817050933838,-0.91,0.25,-0.11
13.14392900466919,-0.75,0.34,-0.23
13.154194116592407,-0.52,0.19,-0.26
13.163808107376099,-0.31,-0.18,-0.35
13.173651218414307,-0.16,-0.71,-0.5
13.183427095413208,-0.13,-1.12,-0.63
13.193800926208496,-0.23,-1.35,-0.7
13.203596115112305,-0.46,-1.42,-0.65
13.213788032531738,-0.61,-1.5,-0.57
13.227659225463867,-0.62,-1.68,-0.49
13.235122203826904,-0.51,-1.9,-0.44
13.243405103683472,-0.37,-2.09,-0.41
13.253160953521729,-0.31,-2.28,-0.38
13.263000965118408,-0.32,-2.44,-0.37
13.272699117660522,-0.37,-2.53,-0.4
13.282588958740234,-0.42,-2.5,-0.43
13.292626142501831,-0.48,-2.45,-0.46
13.302561044692993,-0.51,-2.4,-0.5
13.312945127487183,-0.53,-2.33,-0.55
13.327335119247437,-0.55,-2.21,-0.58
13.334342002868652,-0.56,-2.02,-0.58
13.344100952148438,-0.59,-1.81,-0.56
13.35217809677124,-0.65,-1.61,-0.56
13.363050937652588,-0.72,-1.48,-0.57
13.372420072555542,-0.82,-1.42,-0.58
13.38197112083435,-0.9,-1.38,-0.57
13.391822099685669,-0.89,-1.21,-0.52
13.40175724029541,-0.83,-0.93,-0.41
13.411709070205688,-0.84,-0.68,-0.27
13.426677227020264,-0.89,-0.57,-0.12
13.433770179748535,-0.96,-0.51,0.01
13.441813945770264,-1.04,-0.48,0.12
13.451308250427246,-1.06,-0.42,0.18
13.464104175567627,-0.97,-0.37,0.19
13.47115707397461,-0.76,-0.41,0.18
13.481287002563477,-0.44,-0.51,0.19
13.497070074081421,-0.13,-0.67,0.24
13.503767013549805,0.09,-0.81,0.28
13.511244058609009,0.14,-0.81,0.27
13.529727935791016,0.09,-0.75,0.22
13.536680221557617,0.03,-0.74,0.15
13.544168949127197,-0.04,-0.73,0.12
13.550730228424072,-0.06,-0.65,0.2
13.56092119216919,-0.01,-0.45,0.36
13.570666074752808,0.15,-0.31,0.54
13.58069109916687,0.4,-0.24,0.69
13.590792179107666,0.71,-0.21,0.77
13.599982261657715,1.07,-0.18,0.81
13.610288143157959,1.38,-0.1,0.78
13.62760615348816,1.61,0.02,0.7
13.634360074996948,1.79,0.13,0.59
13.642051219940186,1.92,0.37,0.48
13.649803161621094,1.98,0.77,0.38
13.662872076034546,1.97,1.18,0.29
13.669817924499512,1.93,1.4,0.21
13.679636001586914,1.82,1.37,0.14
13.689503192901611,1.57,1.31,0.11
13.699433088302612,1.31,1.31,0.15
13.70966625213623,1.23,1.31,0.24
13.724539041519165,1.19,1.26,0.2
13.731444120407104,1.13,1.34,0.1
13.73911714553833,1.13,1.6,0.06
13.749397039413452,1.2,2.03,0.1
13.764118194580078,1.44,2.33,0.2
13.770816087722778,1.6,2.57,0.44
13.778847217559814,1.56,2.64,0.67
13.79594111442566,1.44,2.06,0.9
13.802637100219727,1.25,1.32,0.94
13.810335159301758,0.97,0.66,0.79
13.818597078323364,0.63,0.39,0.57
13.834178924560547,0.28,0.47,0.4
13.843290090560913,0.04,0.63,0.29
13.849980115890503,-0.14,0.82,0.22
13.860180139541626,-0.26,0.99,0.18
13.868285179138184,-0.37,1.15,0.14
13.878077983856201,-0.46,1.23,0.1
13.887953042984009,-0.5,1.26,0.02
13.898138046264648,-0.49,1.27,-0.09
13.908008098602295,-0.46,1.28,-0.2
13.91827917098999,-0.41,1.22,-0.28
13.927544116973877,-0.38,1.07,-0.32
13.937428951263428,-0.36,0.83,-0.35
13.947356224060059,-0.34,0.59,-0.4
13.957468032836914,-0.3,0.45,-0.46
13.967205047607422,-0.26,0.43,-0.52
13.979121208190918,-0.22,0.46,-0.62
13.987305164337158,-0.17,0.58,-0.73
13.99739408493042,-0.16,0.77,-0.81
14.007240056991577,-0.18,1.01,-0.86
14.016586065292358,-0.2,1.29,-0.88
14.031671047210693,-0.16,1.57,-0.87
14.044640064239502,0.0,1.71,-0.85
14.051667213439941,0.36,1.67,-0.81
14.060290098190308,0.94,1.34,-0.71
14.067265033721924,1.45,0.59,-0.38
14.076954126358032,1.37,-0.18,0.1
14.086575031280518,0.68,-0.49,0.51
14.096590995788574,-0.1,-0.43,0.9
14.106682062149048,-0.61,-0.13,1.27
14.116043090820312,-0.78,0.3,1.41
14.130939960479736,-0.65,0.67,1.13
14.144793033599854,-0.34,0.94,0.57
14.151607036590576,0.03,0.95,0.33
14.16054105758667,0.43,0.61,0.35
14.167129039764404,0.75,-0.0,0.16
14.17662000656128,0.74,-0.52,-0.36
14.185474157333374,0.19,-0.44,-1.08
14.195826053619385,-0.68,0.12,-1.55
14.20572805404663,-1.38,0.55,-1.27
14.2155921459198,-1.61,0.42,-0.36
14.229437112808228,-1.43,0.15,0.21
14.236824035644531,-1.17,0.16,0.18
14.245140075683594,-1.03,0.32,0.14
14.262001991271973,-0.9,0.4,0.1
14.26889419555664,-0.76,0.39,0.04
14.276307106018066,-0.62,0.24,-0.17
14.284724235534668,-0.38,-0.27,-0.36
14.294938087463379,-0.13,-0.92,-0.47
14.30464220046997,-0.04,-1.36,-0.56
14.314487934112549,-0.12,-1.59,-0.6
14.328520059585571,-0.29,-1.75,-0.53
14.33597207069397,-0.43,-1.97,-0.46
14.344517230987549,-0.45,-2.22,-0.4
14.361048221588135,-0.38,-2.37,-0.36
14.368076086044312,-0.29,-2.42,-0.35
14.375936031341553,-0.26,-2.41,-0.38
14.383768081665039,-0.28,-2.41,-0.4
14.394138097763062,-0.31,-2.44,-0.43
14.403837203979492,-0.34,-2.48,-0.45
14.413741111755371,-0.35,-2.46,-0.47
14.428007125854492,-0.36,-2.38,-0.5
14.444716930389404,-0.43,-2.07,-0.56
14.444967269897461,-0.43,-2.07,-0.56
14.453619003295898,-0.48,-1.86,-0.58
14.463541030883789,-0.54,-1.64,-0.59
14.473580121994019,-0.62,-1.47,-0.58
14.483139991760254,-0.72,-1.38,-0.58
14.492967128753662,-0.82,-1.34,-0.56
14.502952098846436,-0.91,-1.33,-0.53
14.512977123260498,-0.94,-1.25,-0.47
14.526924133300781,-0.94,-1.07,-0.36
14.534479141235352,-0.95,-0.91,-0.23
14.542904138565063,-0.98,-0.81,-0.11
14.552571058273315,-1.01,-0.74,-0.0
14.5625581741333,-1.0,-0.73,0.07
14.572466135025024,-0.89,-0.73,0.08
14.58246898651123,-0.71,-0.77,0.06
14.592504978179932,-0.5,-0.82,0.05
14.60230302810669,-0.27,-0.85,0.07
14.61258316040039,-0.06,-0.87,0.13
14.622319221496582,0.08,-0.89,0.19
14.637377262115479,0.11,-0.88,0.21
14.644690036773682,0.05,-0.84,0.19
14.652001142501831,-0.06,-0.8,0.17
14.661793231964111,-0.18,-0.73,0.22
14.677603244781494,-0.32,-0.54,0.31
14.684371948242188,-0.39,-0.31,0.45
14.692831039428711,-0.3,-0.23,0.61
14.70117998123169,-0.08,-0.2,0.71
14.711318969726562,0.22,-0.16,0.76
14.721333980560303,0.6,-0.12,0.76
14.735576152801514,1.03,-0.1,0.71
14.742770195007324,1.41,-0.03,0.64
14.751183986663818,1.65,0.14,0.54
14.76127314567566,1.77,0.38,0.44
14.77083706855774,1.84,0.67,0.36
14.780651092529297,1.9,0.98,0.28
14.790905952453613,1.92,1.22,0.19
14.800576210021973,1.96,1.22,0.1
14.810570240020752,1.89,1.07,0.05
14.820549011230469,1.67,0.92,0.02
14.83464002609253,1.44,0.89,-0.03
14.841752052307129,1.29,0.97,0.03
14.850382089614868,1.21,1.14,0.11
14.860259056091309,1.2,1.18,0.12
14.870406150817871,1.28,1.36,0.08
14.880007266998291,1.37,1.79,0.07
14.890066146850586,1.5,2.37,0.1
14.900033950805664,1.61,2.87,0.26
14.9100341796875,1.69,2.73,0.63
14.920327186584473,1.66,1.98,0.91
14.92958927154541,1.53,1.13,0.92
14.939876079559326,1.17,0.59,0.76
14.949551105499268,0.67,0.4,0.58
14.959254264831543,0.23,0.38,0.45
14.969267129898071,-0.05,0.44,0.35
14.979496002197266,-0.2,0.51,0.31
14.989004135131836,-0.28,0.62,0.29
14.998950004577637,-0.34,0.73,0.25
15.009186267852783,-0.4,0.82,0.18
15.019050121307373,-0.44,0.85,0.08
15.033562183380127,-0.48,0.85,-0.0
15.04233694076538,-0.5,0.82,-0.08
15.049162149429321,-0.47,0.71,-0.12
15.06007719039917,-0.4,0.5,-0.14
15.06867504119873,-0.36,0.3,-0.17
15.078440189361572,-0.35,0.09,-0.26
15.088683128356934,-0.4,-0.0,-0.36
15.098203182220459,-0.49,0.01,-0.45
15.1093430519104,-0.55,0.03,-0.55
15.118263244628906,-0.51,0.07,-0.68
15.132861137390137,-0.41,0.23,-0.79
15.141869068145752,-0.31,0.5,-0.89
15.148714065551758,-0.22,0.83,-0.95
15.160147190093994,-0.13,1.24,-0.96
15.16762399673462,0.02,1.55,-0.91
15.177704095840454,0.27,1.62,-0.81
15.187477111816406,0.7,1.42,-0.68
15.197282075881958,1.28,0.81,-0.47
15.207356929779053,1.51,-0.07,-0.07
15.217501163482666,0.7,-0.67,0.36
15.232625961303711,-0.12,-0.71,0.71
15.241624116897583,-0.65,-0.31,0.97
15.248576164245605,-0.81,0.24,1.07
15.257898092269897,-0.68,0.67,1.0
15.267184257507324,-0.42,0.93,0.7
15.276904106140137,-0.12,1.03,0.41
15.286784172058105,0.23,0.89,0.43
15.296626091003418,0.58,0.47,0.55
15.306608200073242,0.8,-0.05,0.45
15.316408157348633,0.69,-0.28,-0.03
15.33216905593872,0.04,-0.07,-0.64
15.341613054275513,-0.8,0.36,-1.02
15.348425149917603,-1.54,0.57,-0.73
15.357759952545166,-1.87,0.47,-0.3
15.366162061691284,-1.58,0.24,-0.18
15.376039028167725,-1.27,-0.0,0.04
15.386462211608887,-1.01,-0.12,0.15
15.395833015441895,-0.76,-0.23,0.13
15.40571904182434,-0.59,-0.12,0.02
15.415686130523682,-0.43,0.03,-0.16
15.425953149795532,-0.24,-0.02,-0.28
15.441596031188965,-0.07,-0.26,-0.45
15.448487043380737,-0.08,-0.58,-0.74
15.458408117294312,-0.23,-0.9,-0.91
15.465320110321045,-0.43,-1.16,-0.86
15.47592806816101,-0.56,-1.34,-0.7
15.48546314239502,-0.62,-1.48,-0.59
15.495101928710938,-0.55,-1.6,-0.6
15.505093097686768,-0.47,-1.69,-0.53
15.514890193939209,-0.44,-1.77,-0.47
15.525298118591309,-0.46,-1.83,-0.48
15.541892051696777,-0.54,-1.85,-0.55
15.548740148544312,-0.56,-1.92,-0.57
15.559083938598633,-0.73,-1.83,-0.52
15.566067218780518,-0.86,-1.78,-0.58
15.574748992919922,-0.96,-1.59,-0.65
15.584633111953735,-0.95,-1.53,-0.72
15.59432601928711,-0.79,-1.63,-0.72
15.60421109199524,-0.69,-1.63,-0.69
15.61405897140503,-0.65,-1.54,-0.63
15.6252601146698,-0.68,-1.4,-0.55
15.641205072402954,-0.74,-1.19,-0.44
15.648093223571777,-0.73,-0.85,-0.32
15.65923023223877,-0.68,-0.51,-0.2
15.666245937347412,-0.62,-0.33,-0.06
15.674750089645386,-0.64,-0.21,0.08
15.683656215667725,-0.83,-0.11,0.18
15.693639039993286,-0.98,-0.16,0.2
15.703412055969238,-0.94,-0.26,0.13
15.713093042373657,-0.74,-0.34,0.04
15.72367811203003,-0.43,-0.45,-0.07
15.733087062835693,-0.07,-0.63,-0.21
15.74322509765625,0.21,-0.79,-0.3
15.753257274627686,0.27,-0.75,-0.28
15.76269006729126,0.18,-0.55,-0.19
15.772768020629883,0.07,-0.44,-0.08
15.782937049865723,0.01,-0.51,-0.0
15.792725086212158,0.04,-0.66,0.12
15.802660942077637,0.12,-0.76,0.26
15.812480926513672,0.2,-0.69,0.4
15.822582244873047,0.28,-0.5,0.51
15.842883110046387,0.55,-0.34,0.73
15.849632263183594,0.55,-0.34,0.73
15.852153062820435,0.78,-0.39,0.8
15.862029075622559,1.04,-0.47,0.84
15.872206211090088,1.29,-0.61,0.88
15.881888151168823,1.55,-0.87,0.87
15.89186406135559,1.76,-1.07,0.79
15.90187406539917,1.94,-1.12,0.7
15.91191816329956,2.08,-0.96,0.52
15.921717166900635,2.21,-0.76,0.34
15.9407639503479,2.28,-0.45,0.22
15.947680950164795,2.29,-0.21,0.11
15.955465078353882,2.22,-0.17,0.02
15.962471008300781,2.11,-0.19,-0.1
15.976271152496338,2.01,-0.17,-0.22
15.983273983001709,1.98,-0.11,-0.28
15.991631984710693,1.99,0.15,-0.21
16.010201930999756,2.06,0.51,-0.07
16.01740026473999,2.17,0.84,0.12
16.025007247924805,2.21,1.12,0.31
16.043447017669678,1.82,1.6,0.94
16.04389214515686,1.82,1.6,0.94
16.051112174987793,1.32,2.14,1.29
16.060490131378174,0.85,2.4,1.39
16.07606315612793,0.54,2.19,1.24
16.083070039749146,0.36,1.84,0.93
16.09070611000061,0.29,1.56,0.64
16.10037112236023,0.21,1.46,0.33
16.110441207885742,0.1,1.51,0.04
16.12030601501465,-0.07,1.6,-0.13
16.136183261871338,-0.28,1.51,-0.19
16.14359712600708,-0.43,1.44,-0.25
16.151008129119873,-0.34,1.16,-0.3
16.159821033477783,-0.1,0.71,-0.41
16.178295135498047,-0.04,0.69,-0.42
16.185485124588013,-0.09,0.82,-0.41
16.19258713722229,-0.11,0.72,-0.45
16.209615230560303,-0.11,0.44,-0.49
16.216248989105225,-0.11,0.44,-0.49
16.21925926208496,-0.18,0.44,-0.47
16.22995114326477,-0.17,0.37,-0.47
16.24365520477295,-0.07,0.29,-0.47
16.251111030578613,-0.02,0.38,-0.5
16.259202003479004,-0.03,0.57,-0.58
16.273370265960693,-0.04,0.8,-0.71
16.280495166778564,0.03,1.1,-0.79
16.288530111312866,0.1,1.36,-0.82
16.298551082611084,0.09,1.42,-0.85
16.30868101119995,-0.01,1.31,-0.91
16.318511962890625,-0.13,0.99,-0.98
16.328448057174683,-0.27,0.66,-1.06
16.343425273895264,-0.41,0.51,-1.01
16.35128402709961,-0.4,0.55,-0.8
16.35851526260376,-0.26,0.61,-0.57
16.375633239746094,-0.26,0.85,-0.32
16.38271427154541,-0.45,1.01,-0.09
16.391074180603027,-0.47,1.14,0.21
16.398115158081055,-0.32,1.46,0.49
16.408381938934326,-0.12,1.89,0.78
16.41796112060547,0.19,2.13,1.0
16.428396224975586,0.37,2.21,1.06
16.442382097244263,0.32,2.03,0.99
16.45007014274597,0.1,1.7,0.95
16.45751404762268,0.13,0.92,0.88
16.47543215751648,0.32,0.06,0.75
16.4825439453125,0.47,-0.33,0.55
16.49098300933838,0.5,-0.71,0.32
16.498018264770508,0.38,-1.15,-0.01
16.507296085357666,0.14,-1.11,-0.33
16.51717519760132,-0.16,-0.85,-0.5
16.52683115005493,-0.53,-0.41,-0.42
16.541813135147095,-0.92,0.11,-0.23
16.558216094970703,-1.27,0.39,0.03
16.55866312980652,-1.27,0.39,0.03
16.566627025604248,-1.29,0.46,0.13
16.57665514945984,-1.28,0.58,0.21
16.586555004119873,-1.21,0.79,0.12
16.59644603729248,-1.0,1.19,-0.17
16.60652208328247,-0.65,1.29,-0.48
16.616326093673706,-0.36,0.84,-0.49
16.626315116882324,-0.1,0.27,-0.47
16.641047954559326,0.13,0.06,-0.49
16.64876413345337,0.31,0.01,-0.51
16.656820058822632,0.32,-0.11,-0.55
16.665945053100586,0.12,-0.38,-0.63
16.676054000854492,-0.17,-0.76,-0.69
16.685691118240356,-0.46,-1.21,-0.7
16.695366144180298,-0.7,-1.38,-0.72
16.705531120300293,-0.77,-1.39,-0.72
16.71580696105957,-0.67,-1.31,-0.73
16.7253201007843,-0.43,-1.31,-0.8
16.740018129348755,-0.23,-1.48,-0.87
16.74799394607544,-0.22,-1.75,-0.91
16.755823135375977,-0.24,-2.07,-1.01
16.765117168426514,-0.19,-2.27,-1.15
16.775187969207764,-0.17,-2.28,-1.23
16.784794092178345,-0.19,-1.91,-1.29
16.794580936431885,-0.22,-1.54,-1.28
16.805005073547363,-0.31,-1.3,-1.29
16.814430236816406,-0.4,-1.31,-1.29
16.824259042739868,-0.45,-1.51,-1.18
16.839628219604492,-0.42,-1.57,-0.99
16.84689998626709,-0.37,-1.51,-0.84
16.85691809654236,-0.27,-1.38,-0.74
16.864139080047607,-0.2,-1.27,-0.67
16.87420105934143,-0.26,-1.14,-0.59
16.884230136871338,-0.2,-1.01,-0.5
16.894068241119385,-0.18,-0.7,-0.48
16.903965950012207,-0.26,-0.55,-0.42
16.913748264312744,-0.29,-0.68,-0.34
16.92380404472351,-0.21,-0.91,-0.29
16.939959049224854,-0.04,-1.0,-0.22
16.94718599319458,0.23,-0.8,-0.2
16.95604705810547,0.6,-0.53,-0.21
16.963293075561523,0.66,-0.84,-0.18
16.973275184631348,0.55,-1.5,-0.19
16.983747959136963,0.46,-2.0,-0.21
16.993088245391846,0.53,-1.89,-0.18
17.00322914123535,0.66,-1.63,-0.12
17.01285696029663,0.74,-1.32,-0.12
17.02322506904602,0.74,-1.2,-0.1
17.03353500366211,0.72,-1.19,-0.05
17.042562007904053,0.66,-1.14,0.03
17.052500247955322,0.65,-1.07,0.16
17.062703132629395,0.64,-1.01,0.28
17.072740077972412,0.55,-0.88,0.35
17.08258605003357,0.51,-0.66,0.38
17.092350959777832,0.47,-0.64,0.43
17.102333068847656,0.16,-1.06,0.66
17.112067222595215,-0.25,-1.41,1.01
17.122069120407104,-0.16,-0.97,1.24
17.13171911239624,0.08,-0.46,1.49
17.147321224212646,0.39,0.02,1.66
17.156131267547607,0.66,0.39,1.79
17.163516998291016,0.82,0.45,1.94
17.173035144805908,0.92,0.35,2.09
17.18185305595398,0.96,0.3,2.23
17.19156503677368,1.05,0.22,2.36
17.2013680934906,1.2,0.2,2.44
17.211241245269775,1.35,0.2,2.52
17.222881078720093,1.49,0.21,2.59
17.231627941131592,1.65,0.19,2.67
17.24108910560608,1.87,0.13,2.77
17.251038074493408,2.11,0.06,2.87
17.260817050933838,2.37,0.04,2.97
17.270761966705322,2.66,0.03,3.06
17.280980110168457,2.95,0.0,3.09
17.290775060653687,3.2,-0.05,3.06
17.30090308189392,3.43,-0.18,2.98
17.310511112213135,3.61,-0.4,2.9
17.320494174957275,3.77,-0.58,2.85
17.330830097198486,3.95,-0.74,2.78
17.340450048446655,4.05,-0.84,2.65
17.35031795501709,4.07,-0.84,2.49
17.35999298095703,4.08,-0.77,2.3
17.36998701095581,4.01,-0.73,2.12
17.37992525100708,3.89,-0.77,1.96
17.38986301422119,3.83,-0.81,1.87
17.399935245513916,3.83,-0.81,1.79
17.410009145736694,3.9,-0.87,1.76
17.419706106185913,3.95,-0.93,1.69
17.429620265960693,3.95,-0.93,1.55
17.4446702003479,3.89,-0.97,1.39
17.454946994781494,3.76,-1.03,1.23
17.46182107925415,3.59,-1.07,1.04
17.472907066345215,3.41,-1.14,0.9
17.479700088500977,3.27,-1.16,0.77
17.489216089248657,3.25,-1.02,0.69
17.499247074127197,3.27,-0.91,0.68
17.509145259857178,3.29,-0.84,0.67
17.519232273101807,3.21,-0.79,0.67
17.529004096984863,3.0,-0.81,0.62
17.544020175933838,2.73,-0.84,0.55
17.5524001121521,2.48,-0.84,0.47
17.559101104736328,2.29,-0.82,0.37
17.57244610786438,2.14,-0.84,0.23
17.579334259033203,1.98,-0.85,0.09
17.5892231464386,1.83,-0.87,-0.05
17.598494052886963,1.69,-0.93,-0.14
17.60810422897339,1.59,-0.93,-0.2
17.618063926696777,1.53,-0.83,-0.24
17.628013134002686,1.48,-0.73,-0.21
17.642714023590088,1.38,-0.56,-0.19
17.650507926940918,1.2,-0.27,-0.22
17.657982110977173,0.96,0.1,-0.32
17.672441005706787,0.97,-1.19,-0.24
17.67922806739807,0.93,-0.83,-0.36
17.687782049179077,1.07,-1.06,-0.37
17.697701930999756,1.25,-0.58,-0.2
17.707634925842285,1.4,0.16,-0.0
17.71758222579956,1.38,0.88,0.37
17.727485179901123,1.16,1.19,0.7
17.742690086364746,0.84,1.02,0.71
17.750328063964844,0.56,0.81,0.57
17.757131099700928,0.39,0.63,0.42
17.772529125213623,0.29,0.32,0.36
17.7793390750885,0.21,-0.15,0.41
17.788835048675537,0.17,-0.71,0.52
17.796844005584717,0.18,-1.13,0.64
17.806831121444702,0.28,-1.2,0.77
17.816458225250244,0.4,-1.05,0.91
17.82652711868286,0.52,-0.96,1.04
17.836678981781006,0.66,-0.94,1.09
17.84620213508606,0.86,-0.94,1.09
17.856109142303467,1.21,-0.82,1.02
17.866268157958984,1.66,-0.52,0.92
17.875975131988525,2.14,-0.29,0.78
17.88614511489868,2.61,-0.19,0.61
17.89583921432495,2.95,-0.07,0.49
17.905810117721558,3.14,-0.06,0.45
17.91578722000122,3.22,-0.27,0.43
17.925628185272217,3.18,-0.51,0.42
17.93602418899536,3.01,-0.59,0.42
17.945367097854614,2.78,-0.55,0.41
17.955775260925293,2.47,-0.46,0.42
17.965662956237793,2.03,-0.29,0.46
17.975314140319824,1.52,-0.09,0.52
17.98509407043457,1.02,0.08,0.58
17.99506425857544,0.54,0.24,0.62
18.005268096923828,0.14,0.26,0.64
18.01530122756958,-0.12,0.24,0.63
18.024981021881104,-0.82,0.85,0.47
18.035381078720093,-1.28,0.69,0.31
18.044912099838257,-1.55,0.74,0.33
18.055202960968018,-1.7,0.74,0.43
18.064847946166992,-1.71,0.65,0.56
18.074490070343018,-1.59,0.6,0.68
18.084461212158203,-1.4,0.64,0.71
18.094271183013916,-1.2,0.59,0.58
18.104554176330566,-0.94,0.36,0.4
18.114334106445312,-0.55,0.07,0.26
18.12445306777954,-0.02,-0.24,0.18
18.134210109710693,0.51,-0.6,0.18
18.14924192428589,0.75,-0.78,0.18
18.156178951263428,0.9,-0.69,0.13
18.172269105911255,0.9,-0.56,0.16
18.179119110107422,0.6,-0.19,0.33
18.188416957855225,0.19,0.23,0.59
18.195300102233887,-0.09,0.51,0.91
18.204374074935913,-0.26,0.64,1.17
18.213536262512207,-0.36,0.6,1.29
18.223668098449707,-0.39,0.53,1.35
18.233356952667236,-0.31,0.42,1.36
18.248680114746094,-0.14,0.26,1.37
18.255633115768433,0.09,0.07,1.36
18.262996196746826,0.31,-0.07,1.31
18.27307415008545,0.47,-0.17,1.26
18.283174991607666,0.61,-0.24,1.2
18.292931079864502,0.71,-0.28,1.14
18.302749156951904,0.76,-0.29,1.06
18.312686920166016,0.74,-0.22,1.01
18.322723150253296,0.65,-0.06,1.01
18.33244013786316,0.49,0.1,1.04
18.347012996673584,0.31,0.22,1.08
18.354088068008423,0.11,0.3,1.1
18.362165927886963,-0.1,0.43,1.12
18.372034072875977,-0.29,0.65,1.18
18.381981134414673,-0.44,0.88,1.25
18.391852140426636,-0.56,1.04,1.32
18.40216827392578,-0.67,1.11,1.36
18.411633014678955,-0.73,1.1,1.37
18.421679973602295,-0.75,1.02,1.37
18.431421041488647,-0.75,0.91,1.33
18.44617223739624,-0.73,0.84,1.3
18.453519105911255,-0.73,0.83,1.27
18.461589097976685,-0.74,0.82,1.24
18.471496105194092,-0.76,0.79,1.2
18.481232166290283,-0.74,0.75,1.17
18.491047143936157,-0.68,0.72,1.12
18.501008987426758,-0.55,0.7,1.06
18.510961055755615,-0.41,0.66,0.99
18.52093505859375,-0.27,0.58,0.92
18.531147003173828,-0.16,0.48,0.85
18.546263217926025,-0.07,0.36,0.78
18.553513050079346,-0.0,0.25,0.71
18.560542106628418,0.04,0.16,0.65
18.57034206390381,0.07,0.08,0.62
18.580661058425903,0.09,0.04,0.59
18.590317249298096,0.07,0.06,0.57
18.60025405883789,0.0,0.13,0.57
18.610120058059692,-0.09,0.21,0.59
18.620110988616943,-0.18,0.25,0.59
18.6301691532135,-0.24,0.27,0.57
18.640273094177246,-0.25,0.25,0.52
18.6547532081604,-0.2,0.23,0.49
18.662362098693848,-0.13,0.17,0.48
18.670095920562744,-0.05,0.14,0.46
18.679872035980225,0.02,0.13,0.42
18.689667224884033,0.06,0.14,0.39
18.699602127075195,0.07,0.16,0.36
18.70918607711792,0.07,0.2,0.34
18.72070813179016,0.03,0.21,0.32
18.729520082473755,-0.02,0.18,0.28
18.739331245422363,0.04,0.29,0.25
18.754426956176758,0.11,0.24,0.19
18.771793127059937,0.29,0.04,0.09
18.772237062454224,0.29,0.04,0.09
18.778857231140137,0.3,-0.11,0.09
18.788910150527954,0.31,-0.15,0.11
18.799053192138672,0.3,-0.12,0.14
18.808617115020752,0.26,-0.06,0.15
18.818650245666504,0.19,-0.02,0.13
18.82845115661621,0.08,0.03,0.12
18.8387930393219,-0.03,0.1,0.13
18.848655223846436,-0.1,0.14,0.17
18.85821294784546,-0.16,0.12,0.2
18.868350982666016,-0.2,0.06,0.22
18.878082275390625,-0.24,0.01,0.25
18.88811206817627,-0.28,-0.02,0.27
18.898330211639404,-0.31,-0.02,0.29
